ID Group,Group,ID Industry,Industry,ID Year,Year,ID State,State,Workforce by Industry and Gender,Workforce by Industry and Gender Moe,ACS Industry yg RCA,Geography,ID Geography,Slug Geography,Median Earnings,Median Earnings Moe,Workforce Prev,Workforce Growth,Median Earnings Prev,Median Earnings Growth,Share
0,"Agriculture, Forestry, Fishing & Hunting, & Mining",0,"Agriculture, Forestry, Fishing & Hunting",2021,"2021","04000US25","Massachusetts",384,214.44113411377026,0.08533983011243464,"Boston, MA","16000US2507000","boston-ma",97849,50815,444,-13.513513513513514,92311,5.9992850256199155,0.10255068113414643
0,"Agriculture, Forestry, Fishing & Hunting, & Mining",1,"Mining, Quarrying, & Oil & Gas Extraction",2021,"2021","04000US25","Massachusetts",153,115.24755962709148,0.08922151211207421,"Boston, MA","16000US2507000","boston-ma",75375,33996,101,51.48514851485149,50893,48.104847424989686,0.04086003701438647
1,"Construction (Group)",2,"Construction",2021,"2021","04000US25","Massachusetts",11652,863.4222605423142,0.4573386146440469,"Boston, MA","16000US2507000","boston-ma",112156,24777,13146,-11.364673664993154,105948,5.859478234605656,3.111772230664256
2,"Manufacturing (Group)",3,"Manufacturing",2021,"2021","04000US25","Massachusetts",17194,1030.8608053466774,0.45816590539757507,"Boston, MA","16000US2507000","boston-ma",148411,19580,16433,4.630925576583703,137042,8.295996847681733,4.591813571407588
3,"Wholesale Trade (Group)",4,"Wholesale Trade",2021,"2021","04000US25","Massachusetts",4668,582.7254928351771,0.5013208072309592,"Boston, MA","16000US2507000","boston-ma",128539,37348,5607,-16.746923488496524,128895,-0.2761938011559797,1.2466317175369677
4,"Retail Trade (Group)",5,"Retail Trade",2021,"2021","04000US25","Massachusetts",30801,1349.2338566757062,0.750951413181962,"Boston, MA","16000US2507000","boston-ma",55414,4407,31017,-0.6963923009962278,52498,5.554497314183397,8.225686275033448
5,"Transportation & Warehousing, & Utilities",6,"Transportation & Warehousing",2021,"2021","04000US25","Massachusetts",12671,1005.5496009645672,0.70151417893803,"Boston, MA","16000US2507000","boston-ma",79336,13176,13001,-2.5382662872086765,77055,2.960223217182532,3.3839054183613793
5,"Transportation & Warehousing, & Utilities",7,"Utilities",2021,"2021","04000US25","Massachusetts",1664,387.7434718986253,0.5350966109054456,"Boston, MA","16000US2507000","boston-ma",159085,10978,1655,0.5438066465256798,161334,-1.3940025041218838,0.4443862849146346
6,"Information (Group)",8,"Information",2021,"2021","04000US25","Massachusetts",8811,695.25319129077,1.2226995342407014,"Boston, MA","16000US2507000","boston-ma",135302,9918,9438,-6.643356643356643,135618,-0.2330074178943798,2.3530574257108445
7,"Finance & Insurance, & Real Estate & Rental & Leasing",9,"Finance & Insurance",2021,"2021","04000US25","Massachusetts",26270,1140.2056831993077,1.4812108347289668,"Boston, MA","16000US2507000","boston-ma",183495,9940,27285,-3.7199926699651824,171698,6.870784749967967,7.015641649463612
7,"Finance & Insurance, & Real Estate & Rental & Leasing",10,"Real Estate & Rental & Leasing",2021,"2021","04000US25","Massachusetts",6616,650.322996671654,0.9206452617282247,"Boston, MA","16000US2507000","boston-ma",120432,14264,7626,-13.244164699711513,113419,6.183267353794338,1.766862777040398
8,"Professional, Scientific, & Management, & Administrative & Waste Management Services",11,"Professional, Scientific, & Technical Services",2021,"2021","04000US25","Massachusetts",55506,2022.5231766286388,1.9399120933718945,"Boston, MA","16000US2507000","boston-ma",168822,7771,54419,1.9974641209871553,158932,6.222787103918657,14.823380487062323
8,"Professional, Scientific, & Management, & Administrative & Waste Management Services",12,"Management of Companies & Enterprises",2021,"2021","04000US25","Massachusetts",577,169.04733065032408,1.0836537890481615,"Boston, MA","16000US2507000","boston-ma",190603,127687,343,68.22157434402332,212465,-10.289694773256771,0.15409308076667316
8,"Professional, Scientific, & Management, & Administrative & Waste Management Services",13,"Administrative & Support & Waste Management Services",2021,"2021","04000US25","Massachusetts",15338,971.0926835271698,0.9838017813095437,"Boston, MA","16000US2507000","boston-ma",64367,5198,15173,1.0874579845778685,63006,2.1601117353902803,4.096151945925881
9,"Educational Services, & Health Care & Social Assistance",14,"Educational Services",2021,"2021","04000US25","Massachusetts",49863,1860.4163512504397,1.4269227956081225,"Boston, MA","16000US2507000","boston-ma",98432,9232,50469,-1.2007370861320812,94907,3.7141622851844436,13.316366180708187
9,"Educational Services, & Health Care & Social Assistance",15,"Health Care & Social Assistance",2021,"2021","04000US25","Massachusetts",67932,2155.469786380686,1.295677461803875,"Boston, MA","16000US2507000","boston-ma",104592,6366,68930,-1.4478456405048599,97444,7.335495258815319,18.14185643438759
10,"Arts, Entertainment, & Recreation, & Accommodation & Food Services",16,"Arts, Entertainment, & Recreation",2021,"2021","04000US25","Massachusetts",7294,783.7244413695415,0.9296758645679054,"Boston, MA","16000US2507000","boston-ma",53740,14082,7686,-5.100182149362477,53466,0.512475217895485,1.9479288234178753
10,"Arts, Entertainment, & Recreation, & Accommodation & Food Services",17,"Accommodation & Food Services",2021,"2021","04000US25","Massachusetts",26943,1340.9436975503484,1.0259958183994735,"Boston, MA","16000US2507000","boston-ma",46751,3393,30330,-11.167161226508407,44886,4.154970369380208,7.195372400513822
11,"Other Services, Except Public Administration (Group)",18,"Other Services, Except Public Administration",2021,"2021","04000US25","Massachusetts",15499,990.2019995940221,0.8710041655223836,"Boston, MA","16000US2507000","boston-ma",,,16520,-6.180387409200969,,NaN,4.1391484554638955
12,"Public Administration (Group)",19,"Public Administration",2021,"2021","04000US25","Massachusetts",14613,878.3808968778864,0.8307030080795577,"Boston, MA","16000US2507000","boston-ma",150696,8792,14617,-0.027365396456181162,143932,4.699441402884696,3.9025341234720887
0,"Agriculture, Forestry, Fishing & Hunting, & Mining",0,"Agriculture, Forestry, Fishing & Hunting",2020,"2020","04000US25","Massachusetts",444,248.17131179892652,0.09419261407213231,"Boston, MA","16000US2507000","boston-ma",92311,121434,335,32.537313432835816,67875,36.00147329650092,0.11555277951280449
0,"Agriculture, Forestry, Fishing & Hunting, & Mining",1,"Mining, Quarrying, & Oil & Gas Extraction",2020,"2020","04000US25","Massachusetts",101,83.93449827097318,0.05492731906807525,"Boston, MA","16000US2507000","boston-ma",50893,45972,91,10.989010989010989,37005,37.53006350493177,0.02628565479908391
1,"Construction (Group)",2,"Construction",2020,"2020","04000US25","Massachusetts",13146,1025.065851543207,0.5120322627313433,"Boston, MA","16000US2507000","boston-ma",105948,22310,13048,0.7510729613733905,96539,9.746320140047029,3.4212991880074957
2,"Manufacturing (Group)",3,"Manufacturing",2020,"2020","04000US25","Massachusetts",16433,967.9447298270702,0.426893229464484,"Boston, MA","16000US2507000","boston-ma",137042,17413,16100,2.0683229813664594,131325,4.353321911288787,4.276754112013325
3,"Wholesale Trade (Group)",4,"Wholesale Trade",2020,"2020","04000US25","Massachusetts",5607,576.3896251668658,0.5727419301021315,"Boston, MA","16000US2507000","boston-ma",128895,17974,5344,4.921407185628743,116426,10.709807087763902,1.4592442223610245
4,"Retail Trade (Group)",5,"Retail Trade",2020,"2020","04000US25","Massachusetts",31017,1477.0446844967148,0.7318268770808262,"Boston, MA","16000US2507000","boston-ma",52498,3223,31588,-1.8076484741040904,48620,7.9761415055532705,8.072298563397878
5,"Transportation & Warehousing, & Utilities",6,"Transportation & Warehousing",2020,"2020","04000US25","Massachusetts",13001,1032.8412269076016,0.7234831382442205,"Boston, MA","16000US2507000","boston-ma",77055,11085,13004,-0.023069824669332512,74560,3.3462982832618025,3.383562356860296
5,"Transportation & Warehousing, & Utilities",7,"Utilities",2020,"2020","04000US25","Massachusetts",1655,346.16181187415805,0.521998894389999,"Boston, MA","16000US2507000","boston-ma",161334,15104,1646,0.5467800729040098,164487,-1.916868810301118,0.43072038309389965
6,"Information (Group)",8,"Information",2020,"2020","04000US25","Massachusetts",9438,827.8339205420373,1.2485772921038463,"Boston, MA","16000US2507000","boston-ma",135618,13381,8847,6.6802305866395395,133274,1.7587826582829358,2.456277326670831
7,"Finance & Insurance, & Real Estate & Rental & Leasing",9,"Finance & Insurance",2020,"2020","04000US25","Massachusetts",27285,1321.354607968656,1.5189519959390194,"Boston, MA","16000US2507000","boston-ma",171698,9099,26498,2.9700354743754245,167392,2.57240489390174,7.101030605871331
7,"Finance & Insurance, & Real Estate & Rental & Leasing",10,"Real Estate & Rental & Leasing",2020,"2020","04000US25","Massachusetts",7626,652.6944154809355,1.0206042460955154,"Boston, MA","16000US2507000","boston-ma",113419,10423,7570,0.7397622192866579,108281,4.745061460459361,1.9846970643347908
8,"Professional, Scientific, & Management, & Administrative & Waste Management Services",11,"Professional, Scientific, & Technical Services",2020,"2020","04000US25","Massachusetts",54419,1732.4043985166973,1.9070868830528478,"Boston, MA","16000US2507000","boston-ma",158932,5942,50746,7.238008907105979,154351,2.9679108007074784,14.162762856547992
8,"Professional, Scientific, & Management, & Administrative & Waste Management Services",12,"Management of Companies & Enterprises",2020,"2020","04000US25","Massachusetts",343,142.3376267892647,0.6422441556972547,"Boston, MA","16000US2507000","boston-ma",212465,116048,342,0.29239766081871343,206971,2.654478163607462,0.08926712471372059
8,"Professional, Scientific, & Management, & Administrative & Waste Management Services",13,"Administrative & Support & Waste Management Services",2020,"2020","04000US25","Massachusetts",15173,1016.854955241897,0.9443053399364006,"Boston, MA","16000US2507000","boston-ma",63006,4885,15974,-5.014398397395768,60380,4.349122225902616,3.9488340620445554
9,"Educational Services, & Health Care & Social Assistance",14,"Educational Services",2020,"2020","04000US25","Massachusetts",50469,1922.8192842802468,1.4104847113379746,"Boston, MA","16000US2507000","boston-ma",94907,7311,49850,1.2417251755265797,90807,4.515070424086249,13.13475952529669
9,"Educational Services, & Health Care & Social Assistance",15,"Health Care & Social Assistance",2020,"2020","04000US25","Massachusetts",68930,2027.7598477137276,1.2829145714394594,"Boston, MA","16000US2507000","boston-ma",97444,3583,69467,-0.7730289202067169,95253,2.300190020261829,17.939308765354987
10,"Arts, Entertainment, & Recreation, & Accommodation & Food Services",16,"Arts, Entertainment, & Recreation",2020,"2020","04000US25","Massachusetts",7686,685.3473571846615,0.9277934442867213,"Boston, MA","16000US2507000","boston-ma",53466,9482,7435,3.3759246805648955,50902,5.037130171702487,2.000312304809494
10,"Arts, Entertainment, & Recreation, & Accommodation & Food Services",17,"Accommodation & Food Services",2020,"2020","04000US25","Massachusetts",30330,1351.9855768461437,1.089819020290052,"Boston, MA","16000US2507000","boston-ma",44886,3931,32225,-5.880527540729248,44273,1.384591060014004,7.893504059962524
11,"Other Services, Except Public Administration (Group)",18,"Other Services, Except Public Administration",2020,"2020","04000US25","Massachusetts",16520,898.4191672042622,0.8916625379055475,"Boston, MA","16000US2507000","boston-ma",,,16738,-1.3024256183534473,,NaN,4.299396210701644
12,"Public Administration (Group)",19,"Public Administration",2020,"2020","04000US25","Massachusetts",14617,961.2413848768684,0.8155782874321219,"Boston, MA","16000US2507000","boston-ma",143932,6275,14890,-1.8334452652787108,141596,1.6497641176304416,3.8041328336456384
0,"Agriculture, Forestry, Fishing & Hunting, & Mining",0,"Agriculture, Forestry, Fishing & Hunting",2019,"2019","04000US25","Massachusetts",335,122.64175471673585,0.06969216946414539,"Boston, MA","16000US2507000","boston-ma",67875,142457,302,10.927152317880795,28003,142.38474449166162,0.08775652410815794
0,"Agriculture, Forestry, Fishing & Hunting, & Mining",1,"Mining, Quarrying, & Oil & Gas Extraction",2019,"2019","04000US25","Massachusetts",91,77.64663547121665,0.046493631617192034,"Boston, MA","16000US2507000","boston-ma",37005,88677,35,160,137045,-72.9979203911124,0.023838339384604102
1,"Construction (Group)",2,"Construction",2019,"2019","04000US25","Massachusetts",13048,963.7229892453538,0.5184944558894539,"Boston, MA","16000US2507000","boston-ma",96539,18438,13276,-1.7173847544441094,94078,2.6159144539637325,3.418051124069388
2,"Manufacturing (Group)",3,"Manufacturing",2019,"2019","04000US25","Massachusetts",16100,875.2074039906197,0.4172486283310805,"Boston, MA","16000US2507000","boston-ma",131325,15585,16671,-3.4251094715374006,125069,5.0020388745412525,4.217552352660726
3,"Wholesale Trade (Group)",4,"Wholesale Trade",2019,"2019","04000US25","Massachusetts",5344,535.5977968587997,0.5396789005218144,"Boston, MA","16000US2507000","boston-ma",116426,11600,5443,-1.8188498989527835,120168,-3.113973770055256,1.3999130293552122
4,"Retail Trade (Group)",5,"Retail Trade",2019,"2019","04000US25","Massachusetts",31588,1272.9214429806734,0.7420427243472071,"Boston, MA","16000US2507000","boston-ma",48620,3843,29995,5.310885147524588,45576,6.678953835351939,8.274785323965652
5,"Transportation & Warehousing, & Utilities",6,"Transportation & Warehousing",2019,"2019","04000US25","Massachusetts",13004,923.379120405048,0.7494098304297757,"Boston, MA","16000US2507000","boston-ma",74560,13685,11971,8.629187202405813,74483,0.10337929460413786,3.406524894037272
5,"Transportation & Warehousing, & Utilities",7,"Utilities",2019,"2019","04000US25","Massachusetts",1646,302.27470949452584,0.5269260774153133,"Boston, MA","16000US2507000","boston-ma",164487,25640,1547,6.399482870071105,158931,3.4958566925269454,0.43118578711053135
6,"Information (Group)",8,"Information",2019,"2019","04000US25","Massachusetts",8847,725.4901791202966,1.1523127205163883,"Boston, MA","16000US2507000","boston-ma",133274,9549,8741,1.212675895206498,123734,7.710087768923659,2.3175581157757414
7,"Finance & Insurance, & Real Estate & Rental & Leasing",9,"Finance & Insurance",2019,"2019","04000US25","Massachusetts",26498,1190.1718363328885,1.5046512621682484,"Boston, MA","16000US2507000","boston-ma",167392,7182,26391,0.40544124891061345,156872,6.706104339843949,6.941410077068564
7,"Finance & Insurance, & Real Estate & Rental & Leasing",10,"Real Estate & Rental & Leasing",2019,"2019","04000US25","Massachusetts",7570,595.5375722823876,1.0208474752089103,"Boston, MA","16000US2507000","boston-ma",108281,9138,7288,3.8693743139407246,106840,1.3487457880943468,1.9830354850709127
8,"Professional, Scientific, & Management, & Administrative & Waste Management Services",11,"Professional, Scientific, & Technical Services",2019,"2019","04000US25","Massachusetts",50746,1569.290285447533,1.8472901669955013,"Boston, MA","16000US2507000","boston-ma",154351,5813,47528,6.770745665712844,145294,6.233567800459758,13.293410663858458
8,"Professional, Scientific, & Management, & Administrative & Waste Management Services",12,"Management of Companies & Enterprises",2019,"2019","04000US25","Massachusetts",342,126.0515767453942,0.7023582943148414,"Boston, MA","16000US2507000","boston-ma",206971,159650,310,10.32258064516129,160524,28.934614138695768,0.08959024252235827
8,"Professional, Scientific, & Management, & Administrative & Waste Management Services",13,"Administrative & Support & Waste Management Services",2019,"2019","04000US25","Massachusetts",15974,933.6021636650163,0.984053550873189,"Boston, MA","16000US2507000","boston-ma",60380,4374,15304,4.377940407736539,57687,4.668296149912458,4.18454542120512
9,"Educational Services, & Health Care & Social Assistance",14,"Educational Services",2019,"2019","04000US25","Massachusetts",49850,1398.250692830152,1.4091470527272503,"Boston, MA","16000US2507000","boston-ma",90807,6029,48299,3.2112466096606553,85201,6.57973497963639,13.058694706840818
9,"Educational Services, & Health Care & Social Assistance",15,"Health Care & Social Assistance",2019,"2019","04000US25","Massachusetts",69467,1667.7268961073933,1.3110943772838977,"Boston, MA","16000US2507000","boston-ma",95253,2503,67968,2.2054496233521657,92113,3.4088565131957487,18.197559582750472
10,"Arts, Entertainment, & Recreation, & Accommodation & Food Services",16,"Arts, Entertainment, & Recreation",2019,"2019","04000US25","Massachusetts",7435,653.4011019274456,0.8850732232623092,"Boston, MA","16000US2507000","boston-ma",50902,8829,7232,2.806969026548672,47192,7.861501949482963,1.947670915654192
10,"Arts, Entertainment, & Recreation, & Accommodation & Food Services",17,"Accommodation & Food Services",2019,"2019","04000US25","Massachusetts",32225,1458.9694993384885,1.1312313213044982,"Boston, MA","16000US2507000","boston-ma",44273,3005,31151,3.447722384514141,40330,9.776841061244731,8.44165369965788
11,"Other Services, Except Public Administration (Group)",18,"Other Services, Except Public Administration",2019,"2019","04000US25","Massachusetts",16738,982.4158997084686,0.9025042852674845,"Boston, MA","16000US2507000","boston-ma",,,16653,0.5104185432054285,,NaN,4.384682688126412
12,"Public Administration (Group)",19,"Public Administration",2019,"2019","04000US25","Massachusetts",14890,860.2255518176614,0.8465967600828129,"Boston, MA","16000US2507000","boston-ma",141596,7457,14758,0.8944301395853097,137164,3.231168528185238,3.9005810267775285
0,"Agriculture, Forestry, Fishing & Hunting, & Mining",0,"Agriculture, Forestry, Fishing & Hunting",2018,"2018","04000US25","Massachusetts",302,106.51291001564083,0.06339148887034567,"Boston, MA","16000US2507000","boston-ma",28003,30790,302,0,19010,47.30668069437138,0.08143168771217404
0,"Agriculture, Forestry, Fishing & Hunting, & Mining",1,"Mining, Quarrying, & Oil & Gas Extraction",2018,"2018","04000US25","Massachusetts",35,35.6931365951495,0.017338106840663652,"Boston, MA","16000US2507000","boston-ma",137045,35768,45,-22.22222222222222,133333,2.7840069600174,0.009437447251410897
1,"Construction (Group)",2,"Construction",2018,"2018","04000US25","Massachusetts",13276,796.5858396933753,0.5536973885075086,"Boston, MA","16000US2507000","boston-ma",94078,10850,12355,7.45447187373533,92155,2.086701752482231,3.579758563135174
2,"Manufacturing (Group)",3,"Manufacturing",2018,"2018","04000US25","Massachusetts",16671,923.786230683268,0.4415149151470538,"Boston, MA","16000US2507000","boston-ma",125069,13108,16035,3.9663236669784845,114337,9.386287903303392,4.495190946522031
3,"Wholesale Trade (Group)",4,"Wholesale Trade",2018,"2018","04000US25","Massachusetts",5443,579.924995150235,0.5568226456829711,"Boston, MA","16000US2507000","boston-ma",120168,13514,5455,-0.21998166819431714,115469,4.069490512605115,1.4676578682694148
4,"Retail Trade (Group)",5,"Retail Trade",2018,"2018","04000US25","Massachusetts",29995,1265.7282488749315,0.7165443442535723,"Boston, MA","16000US2507000","boston-ma",45576,4183,29511,1.6400664159127105,42734,6.650442270791407,8.08789229445914
5,"Transportation & Warehousing, & Utilities",6,"Transportation & Warehousing",2018,"2018","04000US25","Massachusetts",11971,819.5315735223384,0.7330046098905167,"Boston, MA","16000US2507000","boston-ma",74483,11298,11108,7.7691753691033485,74936,-0.6045158535283441,3.2278766013325675
5,"Transportation & Warehousing, & Utilities",7,"Utilities",2018,"2018","04000US25","Massachusetts",1547,306.78494096027595,0.5064559963347052,"Boston, MA","16000US2507000","boston-ma",158931,24778,1788,-13.478747203579418,151486,4.91464557780917,0.4171351685123617
6,"Information (Group)",8,"Information",2018,"2018","04000US25","Massachusetts",8741,680.8142184179177,1.1376906858082532,"Boston, MA","16000US2507000","boston-ma",123734,13740,8662,0.9120295543754329,117767,5.06678441329065,2.356935040702362
7,"Finance & Insurance, & Real Estate & Rental & Leasing",9,"Finance & Insurance",2018,"2018","04000US25","Massachusetts",26391,1084.7843103585155,1.5419334217470548,"Boston, MA","16000US2507000","boston-ma",156872,9840,25442,3.7300526688153446,151854,3.3044898389242303,7.116104868913857
7,"Finance & Insurance, & Real Estate & Rental & Leasing",10,"Real Estate & Rental & Leasing",2018,"2018","04000US25","Massachusetts",7288,565.4069331021685,1.0118953704695515,"Boston, MA","16000US2507000","boston-ma",106840,9155,7394,-1.433594806599946,102115,4.627136072075601,1.9651461590937895
8,"Professional, Scientific, & Management, & Administrative & Waste Management Services",11,"Professional, Scientific, & Technical Services",2018,"2018","04000US25","Massachusetts",47528,1432.6095071581788,1.8183103035160424,"Boston, MA","16000US2507000","boston-ma",145294,5135,45895,3.5581217997603227,139323,4.285724539379715,12.81551408471592
8,"Professional, Scientific, & Management, & Administrative & Waste Management Services",12,"Management of Companies & Enterprises",2018,"2018","04000US25","Massachusetts",310,119.43617542436631,0.7450990331714301,"Boston, MA","16000US2507000","boston-ma",160524,152241,192,61.458333333333336,150937,6.351656651450605,0.08358881851249653
8,"Professional, Scientific, & Management, & Administrative & Waste Management Services",13,"Administrative & Support & Waste Management Services",2018,"2018","04000US25","Massachusetts",15304,849.5675370445837,0.9669166552330551,"Boston, MA","16000US2507000","boston-ma",57687,4250,15734,-2.7329350451252066,52390,10.110708150410384,4.126591221016925
9,"Educational Services, & Health Care & Social Assistance",14,"Educational Services",2018,"2018","04000US25","Massachusetts",48299,1474.262527503158,1.4095359251061643,"Boston, MA","16000US2507000","boston-ma",85201,4473,47513,1.6542840906699219,82297,3.5286826980327355,13.023407565597001
9,"Educational Services, & Health Care & Social Assistance",15,"Health Care & Social Assistance",2018,"2018","04000US25","Massachusetts",67968,1860.805202056357,1.3215877856212026,"Boston, MA","16000US2507000","boston-ma",92113,2054,66386,2.3830325671075228,87366,5.433463818876909,18.326983279539885
10,"Arts, Entertainment, & Recreation, & Accommodation & Food Services",16,"Arts, Entertainment, & Recreation",2018,"2018","04000US25","Massachusetts",7232,579.937927712958,0.8889705128618967,"Boston, MA","16000US2507000","boston-ma",47192,8756,7448,-2.9001074113856067,51736,-8.783052419978352,1.9500462434915318
10,"Arts, Entertainment, & Recreation, & Accommodation & Food Services",17,"Accommodation & Food Services",2018,"2018","04000US25","Massachusetts",31151,1295.4061139272117,1.1204419832812462,"Boston, MA","16000US2507000","boston-ma",40330,2662,31517,-1.161278040422629,38040,6.019978969505783,8.39959769510574
11,"Other Services, Except Public Administration (Group)",18,"Other Services, Except Public Administration",2018,"2018","04000US25","Massachusetts",16653,892.4595228916546,0.9192105672486988,"Boston, MA","16000US2507000","boston-ma",,,16945,-1.723222189436412,,NaN,4.490337402221305
12,"Public Administration (Group)",19,"Public Administration",2018,"2018","04000US25","Massachusetts",14758,817.4350127074323,0.8584972382800117,"Boston, MA","16000US2507000","boston-ma",137164,6891,14816,-0.3914686825053995,127839,7.294331150900743,3.979367043894915
0,"Agriculture, Forestry, Fishing & Hunting, & Mining",0,"Agriculture, Forestry, Fishing & Hunting",2017,"2017","04000US25","Massachusetts",302,110.3675676999362,0.0637048457724067,"Boston, MA","16000US2507000","boston-ma",19010,20118,357,-15.406162464985995,39147,-51.43944619000179,0.08284345056687414
0,"Agriculture, Forestry, Fishing & Hunting, & Mining",1,"Mining, Quarrying, & Oil & Gas Extraction",2017,"2017","04000US25","Massachusetts",45,41.593268686170845,0.021629425336879893,"Boston, MA","16000US2507000","boston-ma",133333,130707,45,0,131250,1.5870476190476193,0.012344222766587207
1,"Construction (Group)",2,"Construction",2017,"2017","04000US25","Massachusetts",12355,967.1923283401292,0.5336449662769576,"Boston, MA","16000US2507000","boston-ma",92155,10794,11982,3.113002837589718,89391,3.0920338736561845,3.3891749395818875
2,"Manufacturing (Group)",3,"Manufacturing",2017,"2017","04000US25","Massachusetts",16035,878.4713996482753,0.4280012790413901,"Boston, MA","16000US2507000","boston-ma",114337,13889,15679,2.2705529689393456,103424,10.551709467821782,4.398658045827241
3,"Wholesale Trade (Group)",4,"Wholesale Trade",2017,"2017","04000US25","Massachusetts",5455,553.6442901358236,0.557415577326472,"Boston, MA","16000US2507000","boston-ma",115469,14551,5479,-0.4380361379813835,108508,6.415195192981163,1.496394115371849
4,"Retail Trade (Group)",5,"Retail Trade",2017,"2017","04000US25","Massachusetts",29511,1219.6446203710323,0.710171630869344,"Boston, MA","16000US2507000","boston-ma",42734,3303,28513,3.500157822747519,41555,2.8372037059318975,8.09534129032789
5,"Transportation & Warehousing, & Utilities",6,"Transportation & Warehousing",2017,"2017","04000US25","Massachusetts",11108,749.0026702222095,0.7143135048381006,"Boston, MA","16000US2507000","boston-ma",74936,10007,10211,8.784644011360298,72557,3.2788014939978223,3.047102810916682
5,"Transportation & Warehousing, & Utilities",7,"Utilities",2017,"2017","04000US25","Massachusetts",1788,363.94092927286977,0.5874678345001103,"Boston, MA","16000US2507000","boston-ma",151486,28830,1639,9.090909090909092,141114,7.350085746276061,0.4904771179257317
6,"Information (Group)",8,"Information",2017,"2017","04000US25","Massachusetts",8662,675.7810296242416,1.127666939937406,"Boston, MA","16000US2507000","boston-ma",117767,12635,8681,-0.21886879391775138,114621,2.7446977429964843,2.3761257245372973
7,"Finance & Insurance, & Real Estate & Rental & Leasing",9,"Finance & Insurance",2017,"2017","04000US25","Massachusetts",25442,1064.1738579762239,1.501252284795806,"Boston, MA","16000US2507000","boston-ma",151854,9495,25345,0.38271848490826593,141916,7.002734011668875,6.979149236166927
7,"Finance & Insurance, & Real Estate & Rental & Leasing",10,"Real Estate & Rental & Leasing",2017,"2017","04000US25","Massachusetts",7394,602.2175686577069,1.050721451605259,"Boston, MA","16000US2507000","boston-ma",102115,7602,7304,1.2322015334063527,104418,-2.2055584286234176,2.028292958581018
8,"Professional, Scientific, & Management, & Administrative & Waste Management Services",11,"Professional, Scientific, & Technical Services",2017,"2017","04000US25","Massachusetts",45895,1396.9237631309734,1.8201498406627399,"Boston, MA","16000US2507000","boston-ma",139323,4317,43074,6.549194409620653,132515,5.137531600196204,12.589735641611552
8,"Professional, Scientific, & Management, & Administrative & Waste Management Services",12,"Management of Companies & Enterprises",2017,"2017","04000US25","Massachusetts",192,82.73451516749222,0.5480869687150477,"Boston, MA","16000US2507000","boston-ma",150937,135891,157,22.29299363057325,103238,46.202948526705285,0.052668683804105415
8,"Professional, Scientific, & Management, & Administrative & Waste Management Services",13,"Administrative & Support & Waste Management Services",2017,"2017","04000US25","Massachusetts",15734,878.4008196717486,1.009363934136036,"Boston, MA","16000US2507000","boston-ma",52390,4136,15329,2.642051014417118,51521,1.6866908639195668,4.316088911321847
9,"Educational Services, & Health Care & Social Assistance",14,"Educational Services",2017,"2017","04000US25","Massachusetts",47513,1619.4103865296158,1.4089534192351374,"Boston, MA","16000US2507000","boston-ma",82297,3169,45801,3.7379096526276716,78027,5.472464659669089,13.033579029085733
9,"Educational Services, & Health Care & Social Assistance",15,"Health Care & Social Assistance",2017,"2017","04000US25","Massachusetts",66386,1723.4189856213143,1.3153516963051177,"Boston, MA","16000US2507000","boston-ma",87366,5469,65276,1.7004718426374164,84241,3.709595090276706,18.210746057392406
10,"Arts, Entertainment, & Recreation, & Accommodation & Food Services",16,"Arts, Entertainment, & Recreation",2017,"2017","04000US25","Massachusetts",7448,603.6638137241622,0.937175138950212,"Boston, MA","16000US2507000","boston-ma",51736,10735,7220,3.1578947368421053,53393,-3.103403067817879,2.0431060259009226
10,"Arts, Entertainment, & Recreation, & Accommodation & Food Services",17,"Accommodation & Food Services",2017,"2017","04000US25","Massachusetts",31517,1307.7996788499377,1.1518779471050555,"Boston, MA","16000US2507000","boston-ma",38040,2664,30808,2.301350298623734,37241,2.1454848151231167,8.6456193096562
11,"Other Services, Except Public Administration (Group)",18,"Other Services, Except Public Administration",2017,"2017","04000US25","Massachusetts",16945,846.1784681732335,0.9496764030089485,"Boston, MA","16000US2507000","boston-ma",,,16518,2.585058723816443,,NaN,4.648285661773782
12,"Public Administration (Group)",19,"Public Administration",2017,"2017","04000US25","Massachusetts",14816,936.600768737673,0.8711735079497627,"Boston, MA","16000US2507000","boston-ma",127839,5222,14934,-0.7901432971742333,123687,3.356860462295957,4.064266766883468
0,"Agriculture, Forestry, Fishing & Hunting, & Mining",0,"Agriculture, Forestry, Fishing & Hunting",2016,"2016","04000US25","Massachusetts",357,124.91997438360286,0.07596079047819963,"Boston, MA","16000US2507000","boston-ma",39147,22803,369,-3.2520325203252036,51303,-23.694520788257996,0.10074727954124713
0,"Agriculture, Forestry, Fishing & Hunting, & Mining",1,"Mining, Quarrying, & Oil & Gas Extraction",2016,"2016","04000US25","Massachusetts",45,37.107950630558946,0.02133976309902007,"Boston, MA","16000US2507000","boston-ma",131250,111516,13,246.15384615384616,,NaN,0.012699236916963922
1,"Construction (Group)",2,"Construction",2016,"2016","04000US25","Massachusetts",11982,712.8113354878694,0.5406382892748814,"Boston, MA","16000US2507000","boston-ma",89391,13665,11533,3.893176103355588,85325,4.76530911221799,3.3813834830902603
2,"Manufacturing (Group)",3,"Manufacturing",2016,"2016","04000US25","Massachusetts",15679,872.9639167800696,0.42755663898058255,"Boston, MA","16000US2507000","boston-ma",103424,10626,15150,3.491749174917492,94783,9.11661373875062,4.424696347135052
3,"Wholesale Trade (Group)",4,"Wholesale Trade",2016,"2016","04000US25","Massachusetts",5479,560.9179975718375,0.5730427600059094,"Boston, MA","16000US2507000","boston-ma",108508,9715,5003,9.514291425144913,99172,9.413947485177268,1.546202645956563
4,"Retail Trade (Group)",5,"Retail Trade",2016,"2016","04000US25","Massachusetts",28513,1103.3920427481794,0.6993808553727151,"Boston, MA","16000US2507000","boston-ma",41555,3294,29010,-1.7132023440193038,40544,2.493587213891081,8.046518715853162
5,"Transportation & Warehousing, & Utilities",6,"Transportation & Warehousing",2016,"2016","04000US25","Massachusetts",10211,732.2212780300774,0.6914212612275044,"Boston, MA","16000US2507000","boston-ma",72557,11139,9397,8.662339044375864,66714,8.758281620049765,2.881597959091525
5,"Transportation & Warehousing, & Utilities",7,"Utilities",2016,"2016","04000US25","Massachusetts",1639,327.29955698106284,0.5506792524170312,"Boston, MA","16000US2507000","boston-ma",141114,20801,1503,9.048569527611445,145761,-3.1880955811225222,0.46253442904230824
6,"Information (Group)",8,"Information",2016,"2016","04000US25","Massachusetts",8681,597.2202273868493,1.1577137331045853,"Boston, MA","16000US2507000","boston-ma",114621,11340,8384,3.542461832061069,100636,13.896617512619738,2.4498239039147514
7,"Finance & Insurance, & Real Estate & Rental & Leasing",9,"Finance & Insurance",2016,"2016","04000US25","Massachusetts",25345,1139.8127039123576,1.5338247655109989,"Boston, MA","16000US2507000","boston-ma",141916,6953,24853,1.9796402848750654,137914,2.9018083733341067,7.1524924368989025
7,"Finance & Insurance, & Real Estate & Rental & Leasing",10,"Real Estate & Rental & Leasing",2016,"2016","04000US25","Massachusetts",7304,571.6021343557072,1.0779472963795895,"Boston, MA","16000US2507000","boston-ma",104418,6520,6788,7.601649970536241,101484,2.8910961333806315,2.0612272542556553
8,"Professional, Scientific, & Management, & Administrative & Waste Management Services",11,"Professional, Scientific, & Technical Services",2016,"2016","04000US25","Massachusetts",43074,1216.6215516749653,1.7879577394966948,"Boston, MA","16000US2507000","boston-ma",132515,6851,40337,6.785333564717257,131693,0.6241789616760193,12.155709576917866
8,"Professional, Scientific, & Management, & Administrative & Waste Management Services",12,"Management of Companies & Enterprises",2016,"2016","04000US25","Massachusetts",157,65.79513659838393,0.5132215391407123,"Boston, MA","16000US2507000","boston-ma",103238,60999,230,-31.73913043478261,108832,-5.140032343428404,0.044306226576963016
8,"Professional, Scientific, & Management, & Administrative & Waste Management Services",13,"Administrative & Support & Waste Management Services",2016,"2016","04000US25","Massachusetts",15329,930.2392165459377,1.0120483968415994,"Boston, MA","16000US2507000","boston-ma",51521,3268,15389,-0.3898888816687244,47960,7.424937447873228,4.325924504447555
9,"Educational Services, & Health Care & Social Assistance",14,"Educational Services",2016,"2016","04000US25","Massachusetts",45801,1502.6463323084379,1.3920604808790698,"Boston, MA","16000US2507000","boston-ma",78027,4236,46146,-0.747627096606423,72067,8.270082007021244,12.92528333408588
9,"Educational Services, & Health Care & Social Assistance",15,"Health Care & Social Assistance",2016,"2016","04000US25","Massachusetts",65276,1781.2007186165179,1.3324662852387719,"Boston, MA","16000US2507000","boston-ma",84241,3438,63650,2.554595443833464,84410,-0.20021324487619951,18.421230866483047
10,"Arts, Entertainment, & Recreation, & Accommodation & Food Services",16,"Arts, Entertainment, & Recreation",2016,"2016","04000US25","Massachusetts",7220,565.0380518159817,0.9379032298682608,"Boston, MA","16000US2507000","boston-ma",53393,7337,7190,0.4172461752433936,48305,10.533071110651072,2.037522012010656
10,"Arts, Entertainment, & Recreation, & Accommodation & Food Services",17,"Accommodation & Food Services",2016,"2016","04000US25","Massachusetts",30808,1318.5704380123193,1.1591211621116684,"Boston, MA","16000US2507000","boston-ma",37241,2344,29537,4.303077496021938,36453,2.1616876525937507,8.694179798618324
11,"Other Services, Except Public Administration (Group)",18,"Other Services, Except Public Administration",2016,"2016","04000US25","Massachusetts",16518,993.2018928697225,0.9482112408260511,"Boston, MA","16000US2507000","boston-ma",,,15913,3.8019229560736507,,NaN,4.661466564320224
12,"Public Administration (Group)",19,"Public Administration",2016,"2016","04000US25","Massachusetts",14934,924.861070647911,0.8939454195524248,"Boston, MA","16000US2507000","boston-ma",123687,3665,15102,-1.1124354390147002,123582,0.08496382968393455,4.214453424843094
0,"Agriculture, Forestry, Fishing & Hunting, & Mining",0,"Agriculture, Forestry, Fishing & Hunting",2015,"2015","04000US25","Massachusetts",369,120.33287165193057,0.07919620187731798,"Boston, MA","16000US2507000","boston-ma",51303,42009,336,9.821428571428571,75788,-32.307225418272026,0.10680266398839931
0,"Agriculture, Forestry, Fishing & Hunting, & Mining",1,"Mining, Quarrying, & Oil & Gas Extraction",2015,"2015","04000US25","Massachusetts",13,14.7648230602334,0.00618358127391974,"Boston, MA","16000US2507000","boston-ma",,,37,-64.86486486486487,,NaN,0.0037626954792661007
1,"Construction (Group)",2,"Construction",2015,"2015","04000US25","Massachusetts",11533,860.7676806200382,0.538936631354718,"Boston, MA","16000US2507000","boston-ma",85325,6438,10623,8.566318365810034,86571,-1.4392810525464648,3.3380897663366103
2,"Manufacturing (Group)",3,"Manufacturing",2015,"2015","04000US25","Massachusetts",15150,833.1800525696711,0.4212584702776108,"Boston, MA","16000US2507000","boston-ma",94783,9169,14873,1.8624352854165267,93260,1.633068839802702,4.384987423913956
3,"Wholesale Trade (Group)",4,"Wholesale Trade",2015,"2015","04000US25","Massachusetts",5003,462.41107253178956,0.5317994512981913,"Boston, MA","16000US2507000","boston-ma",99172,22614,4995,0.16016016016016016,88302,12.310026952956898,1.4480588832898693
4,"Retail Trade (Group)",5,"Retail Trade",2015,"2015","04000US25","Massachusetts",29010,1303.4404474313355,0.7268887922419617,"Boston, MA","16000US2507000","boston-ma",40544,3301,27987,3.655268517525994,40671,-0.3122618081679821,8.396599681039199
5,"Transportation & Warehousing, & Utilities",6,"Transportation & Warehousing",2015,"2015","04000US25","Massachusetts",9397,709.2622928085209,0.6622559220238708,"Boston, MA","16000US2507000","boston-ma",66714,11848,8749,7.4065607497999775,65488,1.8720987051062792,2.7198499552818114
5,"Transportation & Warehousing, & Utilities",7,"Utilities",2015,"2015","04000US25","Massachusetts",1503,262.0019083899963,0.511207544842132,"Boston, MA","16000US2507000","boston-ma",145761,15456,1226,22.59380097879282,142783,2.0856824692015157,0.43502548502591915
6,"Information (Group)",8,"Information",2015,"2015","04000US25","Massachusetts",8384,694.665387074957,1.1430587514656527,"Boston, MA","16000US2507000","boston-ma",100636,19209,8501,-1.376308669568286,102612,-1.9257006977741395,2.426649146012845
7,"Finance & Insurance, & Real Estate & Rental & Leasing",9,"Finance & Insurance",2015,"2015","04000US25","Massachusetts",24853,1172.4030876793186,1.5354735371217385,"Boston, MA","16000US2507000","boston-ma",137914,7399,24529,1.3208854824901137,134845,2.275946457043272,7.193405442015416
7,"Finance & Insurance, & Real Estate & Rental & Leasing",10,"Real Estate & Rental & Leasing",2015,"2015","04000US25","Massachusetts",6788,636.0888302745144,1.041215795067253,"Boston, MA","16000US2507000","boston-ma",101484,8667,6577,3.208149612285236,99519,1.9744973321677266,1.9647059164044838
8,"Professional, Scientific, & Management, & Administrative & Waste Management Services",11,"Professional, Scientific, & Technical Services",2015,"2015","04000US25","Massachusetts",40337,1416.667215686168,1.746732037141081,"Boston, MA","16000US2507000","boston-ma",131693,6074,38616,4.45670188522892,133393,-1.2744296927125112,11.675065195935131
8,"Professional, Scientific, & Management, & Administrative & Waste Management Services",12,"Management of Companies & Enterprises",2015,"2015","04000US25","Massachusetts",230,102.1420579389313,0.8343329506018137,"Boston, MA","16000US2507000","boston-ma",108832,41994,260,-11.538461538461538,117851,-7.652883726060873,0.066570766171631
8,"Professional, Scientific, & Management, & Administrative & Waste Management Services",13,"Administrative & Support & Waste Management Services",2015,"2015","04000US25","Massachusetts",15389,831.6952566896122,1.0442914137852022,"Boston, MA","16000US2507000","boston-ma",47960,4008,14899,3.288811329619438,47178,1.657552248929586,4.454163133109694
9,"Educational Services, & Health Care & Social Assistance",14,"Educational Services",2015,"2015","04000US25","Massachusetts",46146,1438.0159943477681,1.430614975371255,"Boston, MA","16000US2507000","boston-ma",72067,4484,44133,4.5612126979811025,73421,-1.844159028070988,13.3564111989395
9,"Educational Services, & Health Care & Social Assistance",15,"Health Care & Social Assistance",2015,"2015","04000US25","Massachusetts",63650,1632.4827717314508,1.3337390804027118,"Boston, MA","16000US2507000","boston-ma",84410,3638,60698,4.863422188539985,83479,1.1152505420524923,18.422735942714407
10,"Arts, Entertainment, & Recreation, & Accommodation & Food Services",16,"Arts, Entertainment, & Recreation",2015,"2015","04000US25","Massachusetts",7190,541.6604102202781,0.9637819137922075,"Boston, MA","16000US2507000","boston-ma",48305,9348,7131,0.8273734399102509,47144,2.4626675716952318,2.0810600381479434
10,"Arts, Entertainment, & Recreation, & Accommodation & Food Services",17,"Accommodation & Food Services",2015,"2015","04000US25","Massachusetts",29537,1413.8093930937086,1.1496875539051845,"Boston, MA","16000US2507000","boston-ma",36453,2306,29624,-0.29368079935187685,37025,-1.5449020931802835,8.54913356700637
11,"Other Services, Except Public Administration (Group)",18,"Other Services, Except Public Administration",2015,"2015","04000US25","Massachusetts",15913,924.2212938468796,0.9325792710840465,"Boston, MA","16000US2507000","boston-ma",,,15678,1.4989156780201556,,NaN,4.605828704735497
12,"Public Administration (Group)",19,"Public Administration",2015,"2015","04000US25","Massachusetts",15102,906.6007941756945,0.9105019441084471,"Boston, MA","16000US2507000","boston-ma",123582,5566,14759,2.3240056914425096,121847,1.4239168793651054,4.371094394452051
0,"Agriculture, Forestry, Fishing & Hunting, & Mining",0,"Agriculture, Forestry, Fishing & Hunting",2014,"2014","04000US25","Massachusetts",336,122.11470017978998,0.07375548103104128,"Boston, MA","16000US2507000","boston-ma",75788,31321,304,10.526315789473683,66768,13.50946561226935,0.10052927466333164
0,"Agriculture, Forestry, Fishing & Hunting, & Mining",1,"Mining, Quarrying, & Oil & Gas Extraction",2014,"2014","04000US25","Massachusetts",37,59.53990258641678,0.01863113200100413,"Boston, MA","16000US2507000","boston-ma",,,33,12.121212121212121,,NaN,0.011070187983759734
1,"Construction (Group)",2,"Construction",2014,"2014","04000US25","Massachusetts",10623,826.3377033634614,0.5154913837529402,"Boston, MA","16000US2507000","boston-ma",86571,6951,10243,3.7098506296983302,84172,2.8501164282659315,3.178340728418369
2,"Manufacturing (Group)",3,"Manufacturing",2014,"2014","04000US25","Massachusetts",14873,852.0357973700402,0.4267902123286958,"Boston, MA","16000US2507000","boston-ma",93260,9810,14196,4.76894899971823,85481,9.100267895789708,4.449916375201582
3,"Wholesale Trade (Group)",4,"Wholesale Trade",2014,"2014","04000US25","Massachusetts",4995,495.9697571425096,0.544393876745648,"Boston, MA","16000US2507000","boston-ma",88302,30899,4774,4.62924172601592,92603,-4.64455795168623,1.4944753778075641
4,"Retail Trade (Group)",5,"Retail Trade",2014,"2014","04000US25","Massachusetts",27987,1312.9584913469275,0.7235872671354454,"Boston, MA","16000US2507000","boston-ma",40671,3141,28792,-2.795915532092248,41536,-2.082530816640986,8.37355002976983
5,"Transportation & Warehousing, & Utilities",6,"Transportation & Warehousing",2014,"2014","04000US25","Massachusetts",8749,672.6678229259967,0.6439680768146745,"Boston, MA","16000US2507000","boston-ma",65488,11160,9020,-3.0044345898004434,68335,-4.1662398478085905,2.61765066675443
5,"Transportation & Warehousing, & Utilities",7,"Utilities",2014,"2014","04000US25","Massachusetts",1226,217.13820483738004,0.42560869762742537,"Boston, MA","16000US2507000","boston-ma",142783,17723,1371,-10.576221735959153,142018,0.5386641129997606,0.366812174813228
6,"Information (Group)",8,"Information",2014,"2014","04000US25","Massachusetts",8501,660.2120871356416,1.190636835442039,"Boston, MA","16000US2507000","boston-ma",102612,14407,8319,2.187762952277918,98993,3.655814047457901,2.543450487836257
7,"Finance & Insurance, & Real Estate & Rental & Leasing",9,"Finance & Insurance",2014,"2014","04000US25","Massachusetts",24529,1014.8201811158467,1.5544970476924427,"Boston, MA","16000US2507000","boston-ma",134845,9478,24012,2.1530901216058638,134024,0.6125768519071212,7.338936244693042
7,"Finance & Insurance, & Real Estate & Rental & Leasing",10,"Real Estate & Rental & Leasing",2014,"2014","04000US25","Massachusetts",6577,568.1144250941003,1.0469930779155154,"Boston, MA","16000US2507000","boston-ma",99519,8815,6665,-1.32033008252063,95322,4.402970982564361,1.9678007126807506
8,"Professional, Scientific, & Management, & Administrative & Waste Management Services",11,"Professional, Scientific, & Technical Services",2014,"2014","04000US25","Massachusetts",38616,1369.8339315406083,1.7547240718376682,"Boston, MA","16000US2507000","boston-ma",133393,5657,36478,5.861066944459674,131170,1.6947472745292367,11.553685923807187
8,"Professional, Scientific, & Management, & Administrative & Waste Management Services",12,"Management of Companies & Enterprises",2014,"2014","04000US25","Massachusetts",260,109.73149046650191,1.0235760303677832,"Boston, MA","16000US2507000","boston-ma",117851,32757,230,13.043478260869565,115179,2.3198673369277385,0.07779051015614949
8,"Professional, Scientific, & Management, & Administrative & Waste Management Services",13,"Administrative & Support & Waste Management Services",2014,"2014","04000US25","Massachusetts",14899,900.5559394063202,1.0541665286192095,"Boston, MA","16000US2507000","boston-ma",47178,5389,14867,0.2152418107217327,45993,2.57647902941752,4.457695426217198
9,"Educational Services, & Health Care & Social Assistance",14,"Educational Services",2014,"2014","04000US25","Massachusetts",44133,1374.0178310342264,1.4023334266884588,"Boston, MA","16000US2507000","boston-ma",73421,5815,43527,1.392239299744986,71643,2.4817497871390084,13.204340710466713
9,"Educational Services, & Health Care & Social Assistance",15,"Health Care & Social Assistance",2014,"2014","04000US25","Massachusetts",60698,1576.520853017809,1.3161543584019464,"Boston, MA","16000US2507000","boston-ma",83479,4150,59668,1.726218408527184,83145,0.4017078597630645,18.16049379022293
10,"Arts, Entertainment, & Recreation, & Accommodation & Food Services",16,"Arts, Entertainment, & Recreation",2014,"2014","04000US25","Massachusetts",7131,614.4867777259328,0.9928468214437051,"Boston, MA","16000US2507000","boston-ma",47144,6302,6948,2.633851468048359,44448,6.065514758819295,2.133554338167315
10,"Arts, Entertainment, & Recreation, & Accommodation & Food Services",17,"Accommodation & Food Services",2014,"2014","04000US25","Massachusetts",29624,1272.2283600046023,1.20757282638454,"Boston, MA","16000US2507000","boston-ma",37025,2531,29463,0.546448087431694,37690,-1.7643937383921466,8.86333104948374
11,"Other Services, Except Public Administration (Group)",18,"Other Services, Except Public Administration",2014,"2014","04000US25","Massachusetts",15678,819.0689836637694,0.9459597804832831,"Boston, MA","16000US2507000","boston-ma",,,15766,-0.5581631358619814,,NaN,4.690767762415814
12,"Public Administration (Group)",19,"Public Administration",2014,"2014","04000US25","Massachusetts",14759,790.9310968725405,0.8976804256173455,"Boston, MA","16000US2507000","boston-ma",121847,4744,15038,-1.8552999069025138,119617,1.864283504852989,4.415808228440809